{
    "N": 100,
    "alpha_sim": -1.33655,
    "beta_sim": 0.271087,
    "sigma_sim": 0.365326,
    "x": [-1.38626, -1.16539, -1.3301, -3.41988, 2.65993, -4.56835, 2.20781, -0.178339, 1.67104, -4.40724, -3.81122, 4.01555, 3.88875, -0.275968, -3.02068, 2.78269, -0.593956, 4.52704, -0.812831, 0.945417, -4.77671, -0.815057, 4.10684, 0.979309, 3.97269, 4.39156, -0.568563, 3.06919, -1.74253, -4.04432, -2.70953, 4.97538, 3.36996, -2.23723, -0.213505, -3.03832, 2.50581, 3.92597, -1.38199, 1.76457, -4.28112, 1.85316, 1.87742, -0.338178, -2.08254, 3.49649, 2.71051, 1.60545, -3.11434, -3.33048, 3.72805, -3.42513, -4.69801, 0.00808105, -4.91884, -4.61864, -0.782088, -4.50744, 2.51858, -0.0345683, 0.770635, -2.73742, -1.96209, -1.68311, -1.40029, -4.79115, -4.09459, -3.77315, 1.39408, -3.47623, -1.52313, 3.32621, 3.17432, 1.98443, 0.616607, 1.38886, -4.62078, 3.95417, 4.28898, -3.21865, 1.07053, -4.26358, 0.635839, 2.48445, 4.70227, -4.81824, -3.25867, -1.66325, 0.912376, 3.86333, -3.00621, -1.81154, 4.04437, -2.73076, -0.686173, -3.6114, -3.6628, 0.534905, 2.12588, 4.66081],
    "y": [-1.32876, -1.31962, -1.34575, -1.95937, -0.817541, -2.82215, -0.00321709, -1.09479, -1.08582, -2.47007, -2.59415, -0.190584, 0.288753, -1.65939, -2.07819, -0.151777, -1.60366, -0.54161, -1.9098, -1.82325, -2.65432, -1.75783, -0.439041, -0.936019, -0.642345, 0.223312, -1.36017, -0.17163, -1.94956, -3.62567, -2.56752, 0.725065, 0.233692, -1.74698, -1.44712, -2.20183, -0.764917, -0.958726, -1.96972, -1.0393, -2.84763, -1.28587, -0.678344, -1.729, -1.85362, -0.494825, -0.646332, -0.559741, -1.78224, -2.73423, 0.167075, -2.51805, -2.14932, -1.68955, -2.47659, -2.83584, -1.35642, -2.51182, -0.703479, -1.21117, -1.09266, -2.00339, -1.62586, -1.98204, -1.71923, -2.84157, -2.7749, -2.24263, -0.561948, -2.37529, -1.70241, -0.585429, -0.442499, -0.888814, -1.53262, -1.01625, -2.93838, -0.387131, -0.349315, -2.50242, -1.16636, -2.35653, -1.68926, -0.40382, -0.693489, -2.68531, -2.01691, -1.44759, -0.852741, -0.30356, -2.08962, -1.84669, 0.515769, -2.2141, -0.959599, -2.71029, -2.6427, -1.53568, -0.40593, -0.519059]
}
